{
    "KeyBindings": {
        "MOVEDOWN": 83,
        "MOVELEFT": 65,
        "MOVERIGHT": 68,
        "MOVEUP": 87,
        "SHOOT": 32
    },
    "audio": {
        "AsteroidVolume": 56.57894515991211,
        "ExplosionVolume": 68.15789031982422,
        "GeneralVolume": 0.5493417978286743,
        "LaserVolume": 43.94736862182617,
        "MeteorDamageVolume": 29.27628517150879,
        "MusicVolume": 37.1710205078125,
        "PowerUpVolume": 74.7368392944336
    },
    "difficulty": {
        "GameDifficulty": 3
    },
    "video": {
        "Fullscreen": true
    }
}